/*
 Navicat MySQL Data Transfer

 Source Server         : localhost
 Source Server Type    : MySQL
 Source Server Version : 50720
 Source Host           : localhost
 Source Database       : Tickets

 Target Server Type    : MySQL
 Target Server Version : 50720
 File Encoding         : utf-8

 Date: 05/18/2018 16:49:11 PM
*/

SET NAMES utf8;
SET FOREIGN_KEY_CHECKS = 0;

-- ----------------------------
--  Table structure for `accounts`
-- ----------------------------
DROP TABLE IF EXISTS `accounts`;
CREATE TABLE `accounts` (
  `account_id` varchar(255) NOT NULL,
  `account_psw` varchar(255) NOT NULL,
  `account_type` int(11) NOT NULL,
  `yue` double NOT NULL,
  PRIMARY KEY (`account_id`)
) ENGINE=InnoDB DEFAULT CHARSET=utf8;

-- ----------------------------
--  Records of `accounts`
-- ----------------------------
BEGIN;
INSERT INTO `accounts` VALUES ('1', 'c4ca4238a0b923820dcc509a6f75849b', '0', '99999560'), ('2', 'c81e728d9d4c2f636f067f89cc14862c', '0', '100000440'), ('3', '3', '0', '100000000');
COMMIT;

-- ----------------------------
--  Table structure for `managers`
-- ----------------------------
DROP TABLE IF EXISTS `managers`;
CREATE TABLE `managers` (
  `id` varchar(255) NOT NULL,
  `token` varchar(255) NOT NULL,
  `account_id` varchar(255) NOT NULL,
  `psw` varchar(255) NOT NULL,
  PRIMARY KEY (`id`)
) ENGINE=InnoDB DEFAULT CHARSET=utf8;

-- ----------------------------
--  Records of `managers`
-- ----------------------------
BEGIN;
INSERT INTO `managers` VALUES ('1', '6dd0882ce02a9522446da4be5b0af85', '2', 'c4ca4238a0b923820dcc509a6f75849b');
COMMIT;

-- ----------------------------
--  Table structure for `modifications`
-- ----------------------------
DROP TABLE IF EXISTS `modifications`;
CREATE TABLE `modifications` (
  `venue_id` varchar(7) NOT NULL,
  `name` varchar(255) NOT NULL,
  `address` varchar(255) NOT NULL,
  `status` int(11) NOT NULL,
  PRIMARY KEY (`venue_id`)
) ENGINE=InnoDB DEFAULT CHARSET=utf8;

-- ----------------------------
--  Records of `modifications`
-- ----------------------------
BEGIN;
INSERT INTO `modifications` VALUES ('2222222', '影剧院', '邳州市青年东路', '1'), ('6000000', '南京歌剧', '徐州市', '0');
COMMIT;

-- ----------------------------
--  Table structure for `orders`
-- ----------------------------
DROP TABLE IF EXISTS `orders`;
CREATE TABLE `orders` (
  `id` varchar(255) NOT NULL,
  `order_time` varchar(255) NOT NULL,
  `payment_type` int(11) NOT NULL,
  `show_id` int(11) NOT NULL,
  `show_seat_ids` varchar(255) NOT NULL,
  `status` int(11) NOT NULL,
  `user_email` varchar(255) NOT NULL,
  `buy_method` varchar(255) NOT NULL,
  `num` varchar(255) NOT NULL,
  `price` varchar(255) NOT NULL,
  `total_cost` varchar(255) NOT NULL,
  `venue_id` varchar(255) NOT NULL,
  `payer_account` varchar(255) NOT NULL,
  `ticket_ids` varchar(255) NOT NULL DEFAULT '',
  PRIMARY KEY (`id`)
) ENGINE=InnoDB DEFAULT CHARSET=utf8;

-- ----------------------------
--  Records of `orders`
-- ----------------------------
BEGIN;
INSERT INTO `orders` VALUES ('1522398027431', '2018-03-30 16:20:27', '0', '29', '210;211;', '2', '6000000', 'SELECT_SEATS', '', '', '1600', '6000000', '', '1522398027445;1522398027451;'), ('1522398060509', '2018-03-30 16:21:00', '0', '29', '220;', '2', '6000000', 'SELECT_SEATS', '', '', '300.0', '6000000', '', '1522398060515;'), ('1522398154356', '2018-03-30 16:22:34', '0', '29', '224;', '4', '875928078@qq.com', 'SELECT_SEATS', '', '', '300', '6000000', '1', '1522398161169;'), ('1522398198968', '2018-03-30 16:23:18', '0', '29', '221;', '2', '875928078@qq.com', 'BUY_NOW', '1', '300.00', '290', '6000000', '1', '1522398240007;'), ('1522398245967', '2018-03-30 16:24:05', '0', '29', '215;', '3', '875928078@qq.com', 'SELECT_SEATS', '', '', '600', '6000000', '', '');
COMMIT;

-- ----------------------------
--  Table structure for `show_seats`
-- ----------------------------
DROP TABLE IF EXISTS `show_seats`;
CREATE TABLE `show_seats` (
  `id` int(11) NOT NULL AUTO_INCREMENT,
  `col_number` int(11) NOT NULL,
  `line_number` int(11) NOT NULL,
  `price` double NOT NULL,
  `price_level` int(11) NOT NULL,
  `show_id` int(11) NOT NULL,
  `status` int(11) NOT NULL,
  PRIMARY KEY (`id`)
) ENGINE=InnoDB AUTO_INCREMENT=225 DEFAULT CHARSET=utf8;

-- ----------------------------
--  Records of `show_seats`
-- ----------------------------
BEGIN;
INSERT INTO `show_seats` VALUES ('55', '1', '1', '680', '1', '12', '0'), ('56', '2', '1', '680', '1', '12', '0'), ('57', '3', '1', '680', '1', '12', '0'), ('58', '4', '1', '680', '1', '12', '0'), ('59', '5', '1', '680', '1', '12', '0'), ('60', '6', '1', '680', '1', '12', '0'), ('61', '7', '1', '680', '1', '12', '0'), ('62', '8', '1', '680', '1', '12', '0'), ('63', '9', '1', '680', '1', '12', '0'), ('64', '10', '1', '680', '1', '12', '0'), ('65', '1', '2', '680', '1', '12', '0'), ('66', '2', '2', '680', '1', '12', '0'), ('67', '3', '2', '680', '1', '12', '0'), ('68', '4', '2', '680', '1', '12', '0'), ('69', '5', '2', '680', '1', '12', '0'), ('70', '6', '2', '680', '1', '12', '0'), ('71', '7', '2', '680', '1', '12', '0'), ('72', '8', '2', '680', '1', '12', '0'), ('73', '9', '2', '680', '1', '12', '0'), ('74', '10', '2', '680', '1', '12', '0'), ('75', '1', '3', '520', '2', '12', '0'), ('76', '2', '3', '520', '2', '12', '0'), ('77', '3', '3', '520', '2', '12', '0'), ('78', '4', '3', '520', '2', '12', '0'), ('79', '5', '3', '520', '2', '12', '0'), ('80', '6', '3', '520', '2', '12', '0'), ('81', '7', '3', '520', '2', '12', '0'), ('82', '8', '3', '520', '2', '12', '0'), ('83', '9', '3', '520', '2', '12', '0'), ('84', '10', '3', '520', '2', '12', '0'), ('85', '1', '4', '520', '2', '12', '0'), ('86', '2', '4', '520', '2', '12', '0'), ('87', '3', '4', '520', '2', '12', '0'), ('88', '4', '4', '520', '2', '12', '0'), ('89', '5', '4', '520', '2', '12', '0'), ('90', '6', '4', '520', '2', '12', '0'), ('91', '7', '4', '520', '2', '12', '0'), ('92', '8', '4', '520', '2', '12', '0'), ('93', '9', '4', '520', '2', '12', '0'), ('94', '10', '4', '520', '2', '12', '0'), ('95', '1', '5', '480', '3', '12', '0'), ('96', '2', '5', '480', '3', '12', '0'), ('97', '3', '5', '480', '3', '12', '0'), ('98', '4', '5', '480', '3', '12', '0'), ('99', '5', '5', '480', '3', '12', '0'), ('100', '6', '5', '480', '3', '12', '0'), ('101', '7', '5', '480', '3', '12', '0'), ('102', '8', '5', '480', '3', '12', '0'), ('103', '9', '5', '480', '3', '12', '0'), ('104', '10', '5', '480', '3', '12', '0'), ('105', '1', '1', '1500', '1', '13', '0'), ('106', '2', '1', '1500', '1', '13', '0'), ('107', '3', '1', '1500', '1', '13', '0'), ('108', '1', '2', '1100', '3', '13', '0'), ('109', '2', '2', '1300', '2', '13', '0'), ('110', '3', '2', '1100', '3', '13', '0'), ('111', '1', '1', '2333', '2', '14', '0'), ('112', '2', '1', '2333', '2', '14', '0'), ('113', '3', '1', '2333', '2', '14', '0'), ('114', '1', '2', '555', '1', '14', '0'), ('115', '2', '2', '555', '1', '14', '0'), ('116', '3', '2', '555', '1', '14', '0'), ('117', '1', '1', '200', '1', '15', '0'), ('118', '2', '1', '200', '1', '15', '0'), ('119', '3', '1', '200', '1', '15', '0'), ('120', '1', '2', '100', '2', '15', '0'), ('121', '2', '2', '100', '2', '15', '0'), ('122', '3', '2', '100', '2', '15', '0'), ('123', '1', '1', '800', '1', '16', '0'), ('124', '2', '1', '800', '1', '16', '0'), ('125', '3', '1', '800', '1', '16', '0'), ('126', '1', '2', '500', '2', '16', '0'), ('127', '2', '2', '500', '2', '16', '0'), ('128', '3', '2', '500', '2', '16', '0'), ('129', '1', '1', '600', '1', '17', '0'), ('130', '2', '1', '600', '1', '17', '0'), ('131', '3', '1', '600', '1', '17', '0'), ('132', '1', '2', '300', '2', '17', '0'), ('133', '2', '2', '300', '2', '17', '0'), ('134', '3', '2', '300', '2', '17', '0'), ('135', '1', '1', '200', '1', '18', '0'), ('136', '2', '1', '200', '1', '18', '0'), ('137', '3', '1', '200', '1', '18', '0'), ('138', '1', '2', '100', '2', '18', '0'), ('139', '2', '2', '100', '2', '18', '0'), ('140', '3', '2', '100', '2', '18', '0'), ('141', '1', '1', '150', '1', '19', '0'), ('142', '2', '1', '150', '1', '19', '0'), ('143', '3', '1', '150', '1', '19', '0'), ('144', '1', '2', '50', '3', '19', '0'), ('145', '2', '2', '100', '2', '19', '0'), ('146', '3', '2', '50', '3', '19', '0'), ('147', '1', '1', '380', '1', '20', '0'), ('148', '2', '1', '380', '1', '20', '0'), ('149', '3', '1', '380', '1', '20', '0'), ('150', '1', '2', '120', '2', '20', '0'), ('151', '2', '2', '120', '2', '20', '0'), ('152', '3', '2', '120', '2', '20', '0'), ('153', '1', '1', '380', '1', '21', '0'), ('154', '2', '1', '380', '1', '21', '0'), ('155', '3', '1', '380', '1', '21', '0'), ('156', '1', '2', '200', '2', '21', '0'), ('157', '2', '2', '200', '2', '21', '0'), ('158', '3', '2', '200', '2', '21', '0'), ('159', '1', '1', '200', '1', '22', '0'), ('160', '2', '1', '200', '1', '22', '0'), ('161', '3', '1', '200', '1', '22', '0'), ('162', '1', '2', '100', '2', '22', '0'), ('163', '2', '2', '100', '2', '22', '0'), ('164', '3', '2', '100', '2', '22', '0'), ('165', '1', '1', '280', '1', '23', '0'), ('166', '2', '1', '280', '1', '23', '0'), ('167', '3', '1', '280', '1', '23', '0'), ('168', '1', '2', '150', '2', '23', '0'), ('169', '2', '2', '150', '2', '23', '0'), ('170', '3', '2', '280', '1', '23', '0'), ('171', '1', '1', '500', '1', '24', '0'), ('172', '2', '1', '500', '1', '24', '0'), ('173', '3', '1', '500', '1', '24', '0'), ('174', '4', '1', '500', '1', '24', '0'), ('175', '5', '1', '500', '1', '24', '0'), ('176', '1', '2', '300', '2', '24', '0'), ('177', '2', '2', '300', '2', '24', '0'), ('178', '3', '2', '300', '2', '24', '0'), ('179', '4', '2', '300', '2', '24', '0'), ('180', '5', '2', '300', '2', '24', '0'), ('181', '1', '3', '200', '3', '24', '0'), ('182', '2', '3', '200', '3', '24', '0'), ('183', '3', '3', '200', '3', '24', '0'), ('184', '4', '3', '200', '3', '24', '0'), ('185', '5', '3', '200', '3', '24', '0'), ('186', '1', '1', '500', '1', '25', '0'), ('187', '2', '1', '500', '1', '25', '0'), ('188', '3', '1', '500', '1', '25', '0'), ('189', '1', '2', '300', '2', '25', '0'), ('190', '2', '2', '300', '2', '25', '0'), ('191', '3', '2', '300', '2', '25', '0'), ('192', '1', '1', '380', '1', '26', '0'), ('193', '2', '1', '380', '1', '26', '0'), ('194', '3', '1', '380', '1', '26', '0'), ('195', '1', '2', '280', '2', '26', '0'), ('196', '2', '2', '280', '2', '26', '0'), ('197', '3', '2', '280', '2', '26', '0'), ('198', '1', '1', '500', '1', '27', '0'), ('199', '2', '1', '500', '1', '27', '0'), ('200', '3', '1', '500', '1', '27', '0'), ('201', '1', '2', '300', '2', '27', '0'), ('202', '2', '2', '300', '2', '27', '0'), ('203', '3', '2', '300', '2', '27', '0'), ('204', '1', '1', '380', '1', '28', '0'), ('205', '2', '1', '380', '1', '28', '0'), ('206', '3', '1', '380', '1', '28', '0'), ('207', '1', '2', '280', '2', '28', '0'), ('208', '2', '2', '280', '2', '28', '0'), ('209', '3', '2', '280', '2', '28', '0'), ('210', '1', '1', '800', '1', '29', '1'), ('211', '2', '1', '800', '1', '29', '1'), ('212', '3', '1', '800', '1', '29', '0'), ('213', '4', '1', '800', '1', '29', '0'), ('214', '5', '1', '800', '1', '29', '0'), ('215', '1', '2', '600', '2', '29', '0'), ('216', '2', '2', '600', '2', '29', '0'), ('217', '3', '2', '600', '2', '29', '0'), ('218', '4', '2', '600', '2', '29', '0'), ('219', '5', '2', '600', '2', '29', '0'), ('220', '1', '3', '300', '3', '29', '1'), ('221', '2', '3', '300', '3', '29', '1'), ('222', '3', '3', '300', '3', '29', '0'), ('223', '4', '3', '300', '3', '29', '0'), ('224', '5', '3', '300', '3', '29', '0');
COMMIT;

-- ----------------------------
--  Table structure for `shows`
-- ----------------------------
DROP TABLE IF EXISTS `shows`;
CREATE TABLE `shows` (
  `id` int(11) NOT NULL AUTO_INCREMENT,
  `description` varchar(255) NOT NULL,
  `poster_url` varchar(255) NOT NULL,
  `show_time` varchar(255) NOT NULL,
  `type` varchar(255) NOT NULL,
  `venue_id` varchar(255) NOT NULL,
  `prices` varchar(255) NOT NULL,
  `balanced` int(11) NOT NULL DEFAULT '0',
  PRIMARY KEY (`id`)
) ENGINE=InnoDB AUTO_INCREMENT=30 DEFAULT CHARSET=utf8;

-- ----------------------------
--  Records of `shows`
-- ----------------------------
BEGIN;
INSERT INTO `shows` VALUES ('12', '徐真真“玩得开心”演唱会', 'http://localhost:8080/api/static/1522380390768146810_n.jpg', '2018-03-30 16:25:02', 'vocalConcert', '1111111', '680.00;520.00;480.00;', '1'), ('13', '2018共和时代One Republic 亚特兰大演唱会门票 一体共和 ', 'http://localhost:8080/api/static/1522381232953146756_n.jpg', '2018-04-01 11:40:16', 'vocalConcert', '2222222', '1500.00;1300.00;1100.00;', '0'), ('14', '万妮达2018 Do You Understand 巡回演唱 ', 'http://localhost:8080/api/static/1522381329449146796_n.jpg', '2018-05-23 11:41:30', 'vocalConcert', '2222222', '555.00;2333.00;', '0'), ('15', 'SPOON PRESENT-The Ambient Party“草間 自己消滅” \n', 'http://localhost:8080/api/static/1522381425790146680_n.jpg', '2018-04-13 11:43:32', 'vocalConcert', '2222222', '200.00;100.00;', '0'), ('16', 'OH MY GIRL 1st Fan Concert', 'http://localhost:8080/api/static/1522381493302146595_n.jpg', '2018-04-20 11:44:24', 'vocalConcert', '2222222', '800.00;500.00;', '0'), ('17', '【HEI你好！！】麦麦童声&儿童原创音乐会 ', 'http://localhost:8080/api/static/1522381584763146522_n.jpg', '2020-04-04 11:46:12', 'vocalConcert', '2222222', '600.00;300.00;', '0'), ('18', '环球室内乐系列：“小调摇摆”意大利布鲁斯克斯吉他二重奏音乐会 \n', 'http://localhost:8080/api/static/1522381687019146930_n.jpg', '2018-05-10 11:47:49', 'concert', '2222222', '200.00;100.00;', '0'), ('19', '昆曲《西厢记》2018巡演', 'http://localhost:8080/api/static/1522381767319146888_n.jpg', '2018-05-25 11:49:14', 'opera', '2222222', '150.00;100.00;50.00;', '0'), ('20', '话剧《原野》', 'http://localhost:8080/api/static/1522381916974146864_n.jpg', '2018-04-26 11:50:23', 'drama', '2222222', '380.00;120.00;', '0'), ('21', '中央芭蕾团--中外芭蕾舞精品剧目展演 ', 'http://localhost:8080/api/static/1522382002803146718_n.jpg', '2018-05-12 11:53:06', 'dance', '2222222', '380.00;200.00;', '0'), ('22', '萌鸡小队之《麦奇寻宝趣》豪华音乐故事亲子舞台剧 \n', 'http://localhost:8080/api/static/1522382305909146837_n.jpg', '2018-06-22 11:58:26', 'children', '2222222', '200.00;100.00;', '0'), ('23', '【万有音乐系】“千与千寻”宫崎骏·久石让动漫视听系列主题音乐会', 'http://localhost:8080/api/static/1522382533678146045_n.jpg', '2018-06-01 12:02:00', 'comic', '2222222', '280.00;150.00;', '0'), ('24', '发布一个音乐会', 'http://localhost:8080/api/static/1522390331141u=3378735488,1705882290&fm=173&s=525570844EB38BF9406DA2930300508E&w=500&h=500&img.JPEG', '2018-03-31 14:11:49', 'concert', '4000000', '500.00;300.00;200.00;', '0'), ('25', '这是curry～～话剧', 'http://localhost:8080/api/static/1522392969664psb-7.jpeg', '2018-03-30 15:05:43', 'drama', '2222222', '500.00;300.00;', '1'), ('27', '难忘的旋律－重温经典音乐盛宴', 'http://localhost:8080/api/static/1522395507291146933_n.jpg', '2018-03-30 16:20:01', 'concert', '2222222', '500.00;300.00;', '0'), ('28', '云端巡礼——赵礼 刘云天双钢琴音乐会', 'http://localhost:8080/api/static/1522395583428146929_n.jpg', '2018-03-30 16:20:15', 'concert', '2222222', '380.00;280.00;', '0'), ('29', '这是舞蹈芭蕾的描述', 'http://localhost:8080/api/static/1522397931855p0.jpg', '2018-03-30 16:30:30', 'dance', '6000000', '800.00;600.00;300.00;', '0');
COMMIT;

-- ----------------------------
--  Table structure for `tickets`
-- ----------------------------
DROP TABLE IF EXISTS `tickets`;
CREATE TABLE `tickets` (
  `ticket_id` varchar(255) NOT NULL,
  `checked` int(11) NOT NULL,
  `show_id` int(11) NOT NULL,
  `order_id` varchar(255) NOT NULL,
  `online` int(11) NOT NULL,
  PRIMARY KEY (`ticket_id`)
) ENGINE=InnoDB DEFAULT CHARSET=utf8;

-- ----------------------------
--  Records of `tickets`
-- ----------------------------
BEGIN;
INSERT INTO `tickets` VALUES ('1522398027445', '0', '29', '1522398027431', '0'), ('1522398027451', '0', '29', '1522398027431', '0'), ('1522398060515', '1', '29', '1522398060509', '0'), ('1522398161169', '0', '29', '1522398154356', '1'), ('1522398240007', '0', '29', '1522398198968', '1');
COMMIT;

-- ----------------------------
--  Table structure for `transfers`
-- ----------------------------
DROP TABLE IF EXISTS `transfers`;
CREATE TABLE `transfers` (
  `transfer_id` int(11) NOT NULL AUTO_INCREMENT,
  `payer_account_id` varchar(255) NOT NULL,
  `payment_type` int(11) NOT NULL,
  `receiver_account_id` varchar(255) NOT NULL,
  `money` double NOT NULL,
  PRIMARY KEY (`transfer_id`)
) ENGINE=InnoDB AUTO_INCREMENT=47 DEFAULT CHARSET=utf8;

-- ----------------------------
--  Records of `transfers`
-- ----------------------------
BEGIN;
INSERT INTO `transfers` VALUES ('43', '1', '0', '2', '300'), ('44', '1', '0', '2', '290'), ('45', '2', '0', '1', '150'), ('46', '1', '0', '3', '0');
COMMIT;

-- ----------------------------
--  Table structure for `users`
-- ----------------------------
DROP TABLE IF EXISTS `users`;
CREATE TABLE `users` (
  `email` varchar(255) NOT NULL,
  `activate_time` datetime NOT NULL,
  `cookie` varchar(255) NOT NULL,
  `name` varchar(255) NOT NULL,
  `password` varchar(255) NOT NULL,
  `status` int(11) NOT NULL,
  `token` varchar(255) NOT NULL,
  `cancel` int(11) NOT NULL DEFAULT '0',
  `consumption` double(11,0) NOT NULL DEFAULT '0',
  `coupons` varchar(255) NOT NULL DEFAULT '',
  `membership_point` int(11) NOT NULL,
  PRIMARY KEY (`email`)
) ENGINE=InnoDB DEFAULT CHARSET=utf8;

-- ----------------------------
--  Records of `users`
-- ----------------------------
BEGIN;
INSERT INTO `users` VALUES ('151250113@smail.nju.edu.cn', '2018-03-31 13:05:48', '6b2016c89657ead808bb08aab97b8b59', '小希希', 'c4ca4238a0b923820dcc509a6f75849b', '1', 'lch520', '0', '0', '', '4933'), ('3282289918@qq.com', '2018-03-31 12:54:19', 'b4e3e1703b010fc37d700496e42f4c2', '思密达', 'c4ca4238a0b923820dcc509a6f75849b', '0', 'bff1d3a89594236f9ee39e9635c088ac', '0', '0', '', '0'), ('875928078@qq.com', '2018-03-31 16:14:55', '933c50c1a5208f3e11c0a323a34fdab', 'beige', 'c4ca4238a0b923820dcc509a6f75849b', '1', 'lch520', '0', '890', '', '390');
COMMIT;

-- ----------------------------
--  Table structure for `venues`
-- ----------------------------
DROP TABLE IF EXISTS `venues`;
CREATE TABLE `venues` (
  `id` varchar(255) NOT NULL,
  `address` varchar(255) NOT NULL,
  `stage_name` varchar(255) NOT NULL,
  `token` varchar(255) NOT NULL,
  `used` int(11) NOT NULL,
  `row` int(11) NOT NULL,
  `col` int(11) NOT NULL,
  `account_id` varchar(255) NOT NULL DEFAULT '',
  `psw` varchar(255) NOT NULL,
  PRIMARY KEY (`id`)
) ENGINE=InnoDB DEFAULT CHARSET=utf8;

-- ----------------------------
--  Records of `venues`
-- ----------------------------
BEGIN;
INSERT INTO `venues` VALUES ('1111111', '南京市栖霞区仙林大道163号', '艾乐大剧院', 'eabee887ccd722f631669bda1299d4f6', '1', '5', '10', '3', 'c4ca4238a0b923820dcc509a6f75849b'), ('2222222', '邳州市青年东路', '影剧院', 'e93ef92a89c6193c4b2faf76175500a0', '1', '2', '3', '3', 'c81e728d9d4c2f636f067f89cc14862c'), ('6000000', '南京市鼓楼区', '南京歌剧院', '45efc23d55d99a19b34da63df558b1ac', '1', '3', '5', '3', 'c4ca4238a0b923820dcc509a6f75849b');
COMMIT;

SET FOREIGN_KEY_CHECKS = 1;
